" The customer doesn't exist in the system anymore"," Der Kunde existiert nicht mehr im System"
" and "," und "
"(Absolute path or Relative to Magento install root, ex. var/export)","(Absoluter oder relativer Pfad zur Magento Installation, z.B. var/export)"
"(For US 2-letter state names)","(Für USA-Staatsnamen aus 2 Buchstaben)"
"(If left empty will be auto-generated)","(Wird automatisch generiert, wenn leer gelassen)"
"(Leave empty for first spreadsheet)","(Leer lassen für erstes Arbeitsblatt)"
"(Products will be added/updated to this store if 'store' column is blank or missing in the import file.)","(Produkte werden zu diesem Shop hinzugefügt/aktualisiert wenn die 'Shop' Spalte in dieser Importdatei leer ist oder fehlt.)"
"(Shift-)Click or drag to change value","(Shift-)Klicken oder ziehen zum Wert verändern"
"(Starting with)","(Beginnend mit)"
"(When 'No', only mapped fields will be imported. When mapping, use 'column1', 'column2', etc.)","(Bei 'Nein' werden nur zugeordnete Felder importiert. Bei Zuordnung 'column1', 'column2', usw. benutzen.)"
"(You have to increase php memory_limit before changing this value)","(Sie müssen vor dem Ändern dieses Werts die php memory_limit erhöhen)"
"(\t for tab)","(\t for tab)"
"* - If indexing is in progress, it will be killed and new indexing process will start","* - Falls bereits eine Indexierung läuft, wird diese gekillt und eine neue Indexierung wird gestartet"
"- Click on any of the time parts to increase it","- Auf irgend einen Teil der Zeit klicken um diesen zu erhöhen"
"- Hold mouse button on any of the above buttons for faster selection.","- Für eine schneller Auswahl, halten Sie den Mausbutton auf irgend einem der oben angezeigten Knöpfe gedrückt."
"- Use the %s buttons to select month","- Benutzen Sie die %s Knöpfe um den Monat auszuwählen"
"- Use the %s, %s buttons to select year","- Benutzen Sie die %s, %s Knöpfe um das Jahr auszuwählen"
"- or Shift-click to decrease it","- oder Shift-Klicken um ihn zu verringern"
"- or click and drag for faster selection.","- oder klicken und ziehen Sie für schnellere Auswahl."
"-- Please Select --","-- Bitte auswählen --"
"-- Please select --","-- Bitte auswählen --"
"-- Please select a category --","-- Bitte Kategorie auswählen --"
"--Please Select--","--Bitte auswählen--"
"1 Hour","1 Stunde"
"12 Hours","12 Stunden"
"12h AM/PM","12h AM/PM"
"2 Hours","2 Stunden"
"24 Hours","24 Stunden"
"24h","24h"
"2YTD","2YTD"
"6 Hours","6 Stunden"
"<h1 class=""page-heading"">404 Error</h1><p>Page not found.</p>","<h1 class=""page-heading"">404 Fehler</h1><p>Seite nicht gefunden.</p>"
"<h1 class=""page-heading"">Access denied</h1><p>Access denied.</p>","<h1 class=""page-heading"">Zugriff verweigert</h1><p>Zugriff verweigert.</p>"
"A new password was sent to your email address. Please check your email and click Back to Login.","Ein neues Kennwort wurde an Ihre E-Mail-Adresse gesendet. Bitte überprüfen Sie Ihre E-Mails und klicken Sie zurück um sich einzuloggen."
"API Stability","API-Stabilität"
"API Version","API-Version"
"API:","API:"
"About the calendar","Über den Kalender"
"Access Denied.","Zugriff verweigert."
"Access Deny","Zugriffsverweigerung"
"Account Created in:","Kundenkonto angelegt in:"
"Account Created on (%s):","Konto erstellt am (%s):"
"Account Created on:","Kundenkonto angelegt am:"
"Account Information","Benutzerkonto-Information"
"Account status","Benutzerkonto-Status"
"Account successfully saved","Benutzerkonto erfolgreich gespeichert"
"Action","Aktion"
"Actions","Aktionen"
"Actions XML","Aktions XML"
"Active","Aktiv"
"Add","Hinzufügen"
"Add Contents Path","Inhaltspfad hinzufügen"
"Add Exception","Exception hinzufügen"
"Add Field Mapping","Neue Feldzuordnung"
"Add Field with URL:","URL-Feld hinzufügen:"
"Add Maintainer","Verantw. Autor hinzufügen"
"Add New Image","Neues Bild"
"Add New Profile","Add New Profile"
"Add New Role","Neue Rolle"
"Add New Template","Neue Vorlage"
"Add New Urlrewrite","Neues URL-Rewriting"
"Add New User","Neuer Benutzer"
"Add New osCommerce Profile","Neues osCommerce-Profil hinzufügen"
"Add PHP Extension dependency","PHP-Erweiterungs-Abhängigkeit hinzufügen"
"Add Package dependency","Paket-Abhängigkeit hinzufügen"
"Add Subpackage dependency","Subpaket-Abhängigkeit hinzufügen"
"Add Urlrewrite","URL-Rewrite hinzufügen"
"Add Urlrewrite for a Category","URL-Rewrite für Kategorie hinzufügen"
"Add Urlrewrite for a Product","URL-Rewrite für Produkt hinzufügen"
"Add after","Danach hinzufügen"
"Add new Role","Neue Rolle"
"Add new store view map","Neue Shop-Ansichts-Map hinzufügen"
"Add new website map","Neue Website-Map hinzufügen"
"Address Type:","Adresstyp:"
"Admin","Admin"
"Advanced Admin Section","Erweiterter Admin-Bereich"
"Advanced Profiles","Erweiterte Profile"
"Advanced Section","Erweiterter Bereich"
"Aggregate Order","Bestellungen zusammenfassen"
"All","Alle"
"All Allowed Countries","Alle erlaubten Länder"
"All Cache","Gesamter Cache"
"All Files","Alle Dateien"
"All Store Views","Alle Shop-Ansichten"
"All Tags","Alle Schlagwörter"
"All Websites","Alle Websites"
"All countries","Alle Länder"
"All fields","Alle Felder"
"All possible rates were fetched, click on ""Save"" to apply","Alle möglichen Kurse wurden geholt, klicken Sie auf ""Speichern"" zum Anwenden"
"All rates were fetched, click on ""Save"" to apply","Alle Kurse wurden geholt, klicken Sie auf ""Speichern"" zum Anwenden."
"All valid rates successfully saved","Alle gültigen Kurse wurden erfolgreich gespeichert"
"Amounts","Gesamtbeträge"
"Any","Beliebige"
"Any Attribute Set","Jedes Attributset"
"Any Group","Jede Gruppe"
"Any Status","Jeder Status"
"Any Store","Jeder Shop"
"Any Type","Jeder Typ"
"Any Visibility","Jede Sichtbarkeit"
"Api Key","API-Key"
"Api Key Confirmation","API-Key Bestätigung"
"Archive file name:","Archiv Dateiname:"
"Are you sure that you want to delete this template?","Sind Sie sicher, dass Sie diese Vorlage löschen möchten?"
"Are you sure that you want to strip tags?","Sind Sie sicher, dass Sie HTML-Tags entfernen möchten?"
"Are you sure you want to do this?","Sind Sie sicher, dass Sie das machen wollen?"
"Are you sure you wish to INSTALL all selected packages?","Sind Sie sicher, alle ausgewählten Pakete zu installieren?"
"Are you sure you wish to UNINSTALL all selected packages?","Sind Sie sicher, alle ausgewählten Pakete zu deinstallieren?"
"Are you sure you wish to UPGRADE all selected packages?","Sind Sie sicher, alle ausgewählten Pakete zu aktualisieren?"
"Area","Gebiet"
"Assigned","Zugewiesen"
"Attribute Set Name:","Attributset Name:"
"Attribute set successfully saved.","Attributset wurde gespeichert"
"Attribute set was successfully removed.","Attributset wurde gelöscht."
"Attributes","Attribute"
"Available Products","Verfügbare Produkte"
"Available Version","Verfügbare Version"
"Average Order Amount","Durchschnittlicher Bestell-Gesamtbetrag"
"Average Orders","Durchschnittliche Bestellungen"
"Back","Zurück"
"Back to Login","Zurück zum Login"
"Back to local packages","Zurück zu lokal installierten Paketen"
"Backup","Sicherung"
"Backup record was deleted","Sicherungseintrag wurde gelöscht"
"Backup successfully created","Sicherung wurde erfolgreich erstellt"
"Backups","Sicherungen"
"Base currency","Basiswährung"
"Bcc","Bcc"
"Bestsellers","Bestseller"
"Big Image","Grosses Bild"
"Billing Address","Rechnungsadresse"
"Billing address","Rechnungsadresse"
"Block Information","Blockinformation"
"Both (without and with tax)","Beides (mit und ohne Steuer)"
"Browse Available Extensions","Verfügbare Erweiterungen durchsuchen"
"Browse Available Remote Extensions","Extern verfügbare Erweiterungen durchsuchen"
"Browse Files...","Dateien durchsuchen..."
"Bundle Items","Gebündelte Artikel"
"Bundle with dynamic pricing cannot include custom defined options. Options will not be saved.","Bündel mit dynmischem Preis dürfen keine persönlichen Optionen beinhalten. Die Optionen werden nicht gespeichert."
"CRITICAL","KRITISCH"
"CSV","CSV"
"CSV / Tab separated","CSV / Tab-getrennt"
"Cache Control","Cache-Steuerung"
"Cache Control (beta)","Cache-Steuerung (beta)"
"Cache Management","Cache-Management"
"Can not add new comment.","Kann keinen neuen Kommentar hinzufügen."
"Can not add tracking number.","Kann keine Tracking-Nummer hinzufügen."
"Can not delete tracking number.","Kann die Tracking-Nummer nicht löschen."
"Can not do credit memo for order","Kann für die Bestellung keine Kreditnotiz erstellen"
"Can not do invoice for order","Kann für die Bestellung keine Rechnung stellen"
"Can not do shipment for order.","Kann für die Bestellung keinen Versand durchführen."
"Can not initialize shipment for adding tracking number.","Kann den Versand nicht initialisieren um eine Tracking-Nummer hinzuzufügen."
"Can not initialize shipment for delete tracking number.","Kann den Versand nicht initialisieren um die Tracking-Nummer zu löschen."
"Can not load track with retrieving identifier.","Kann den Track mit dem Suchidentifikator nicht laden."
"Can not retrieve tracking number detail.","Kann die Tracking-Nummer-Details nicht finden."
"Can not save credit memo","Kann Kreditnotiz nicht speichern"
"Can not save invoice","Kann die Rechnung nicht speichern"
"Can not save shipment.","Kann den Versand nicht speichern."
"Can not send shipment information.","Kann keine Versandinformationen senden."
"Can not update item qty","Kann die Anzahl Artikel nicht aktualisieren"
"Can't delete design change","Gestaltungsänderung konnte nicht gelöscht werden."
"Can't find email address.","Kann E-Mail-Adresse nicht finden."
"Cancel","Abbrechen"
"Card Verification Number","Kartenprüfnummer (CVC)"
"Catalog","Katalog"
"Catalog Rewrites","Katalog-Rewrites"
"Catalog Rewrites was refreshed successfully","Katalog-Rewrite wurde erfolgreich aktualisiert"
"Catalog Rewrites were refreshed successfully","Katalog-Rewrites wurden erfolgreich aktualisiert"
"CatalogInventory Stock Status rebuild error. Please try again later","KatalogInventar-Lagerstatus-Rebuild-Fehler error. Bitte versuche es später nochmals"
"CatalogInventory Stock Status was rebuilt successfully","KatalogInventar-Lagerstatus-Rebuild erfolgreich"
"Category","Kategorie"
"Category:","Kategorie:"
"Changelog","Änderungsverlauf"
"Channel","Channel"
"Channel:","Channel:"
"Checkbox","Checkbox"
"Choose Store View","Shop-Ansicht wählen"
"Choose an attribute","Attribut wählen"
"Clear","Clear"
"Close","Close"
"Comment text field can not be empty.","Kommentar-Textfeld kann nicht leer sein."
"Comments History","Kommentarprotokoll"
"Complete","Vollständig"
"Configuration","Konfiguration"
"Configuration successfully saved","Konfiguration erfolgreich gespeichert"
"Confirmed email:","Bestätigte E-Mail:"
"Conflicts","Konflikte"
"Connect with the Magento Community","Zur Magento-Community"
"Contents","Inhalt"
"Convert to Plain Text","In reinen Text umwandeln"
"Cookie (Unsafe)","Cookie (unsicher)"
"Country","Land"
"Country:","Land:"
"Coupon Code","Gutscheincode"
"Coupons","Gutscheine"
"Create","Erstellen"
"Create DB Backup","DB-Backup erstellen"
"Create Extension Package","Erweiterung erstellen"
"Create New Attribute","Attribut anlegen"
"Create New Staging Store View","Neue Staging Shop-Ansicht erstellen"
"Create Urlrewrite:","URL-Rewrite erstellen:"
"Create a backup","Backup erstellen"
"Created <strong>%s</strong> items","<strong>%s</strong> Artikel erstellt"
"Created At","Erstellt am"
"Credit Card Number","Kreditkartennummer"
"Credit Card Number: xxxx-%s","Kreditkarten-Nr.: xxxx-%s"
"Credit Card Type","Kreditkartentyp"
"Credit Card Type: %s","Kreditkartentyp: %s"
"Credit Memo #%s comment added","Kreditnotiz #%s Kommentar hinzugefügt"
"Credit Memo #%s created","Kreditnotiz #%s erstellt"
"Credit Memo History","Verlauf der Gutschriften"
"Credit Memo Totals","Gesamtgutschriften"
"Credit Memo cancel error.","Kreditnotiz Abbruch-Fehler."
"Credit Memo total must be positive.","Kreditnotiz-Total muss positiv sein."
"Credit Memo void error","'Kreditnotiz Leer-Fehler"
"Credit Memo was successfully canceled.","Kreditnotiz wurde erfolgreich abgebrochen."
"Credit Memo was successfully created","Kreditnotiz wurde erfolgreich erstellt"
"Credit Memo was successfully voided","Kreditnotiz wurde erfolgreich geleert"
"Currency","Währung"
"Currency Information","Währunginformation"
"Currency Setup Section","Bereich Währungssetup"
"Current Configuration Scope:","Aktueller Geltungsbereich der Konfiguration:"
"Current Release Information","Informationen zur aktuellen Version"
"Custom","Eigene"
"Customer","Kunde"
"Customer Group:","Kundengruppe:"
"Customer Name","Kundenname"
"Customer Since:","Kunde seit:"
"Customer was deleted","Kunde wurde gelöscht"
"Customer was successfully saved","Kunde wurde gespeichert"
"Customer with the same email already exists.","Ein Kunde mit der gleichen E-Mail-Adresse existiert bereits."
"Customers","Kunden"
"DHTML Date/Time Selector","DHTML Datum/Zeit-Selektor"
"Dashboard","Übersicht"
"Data Format","Datenformat"
"Data transfer:","Datenübertragung:"
"Date","Datum"
"Date & Time","Datum & Zeit"
"Date Added","Hinzugefügt am"
"Date Updated","Aktualisiert am"
"Date selection:","Datumsauswahl:"
"Date selector","Datumsauswahl"
"Date:","Datum:"
"Day","Tag"
"Decimal separator:","Dezimalzeichen:"
"Default (Admin) Values","Standarvorgaben (Admin)"
"Default Config","Standardkonfiguration"
"Default Template from Locale","Standard-Template von Locale"
"Default Values","Standardwerte"
"Default display currency ""%s"" is not available in allowed currencies","Die angezeigte Standardwährung ""%s"" ist nicht in den erlaubten Währungen verfügbar"
"Default scope","Standardgeltungsbereich"
"Delete","Löschen"
"Delete %s","%s löschen"
"Delete %s '%s'","%s '%s' löschen"
"Delete Profile","Profil löschen"
"Delete Role","Gruppenberechtigung löschen"
"Delete Store View","Shop-Ansicht löschen"
"Delete Template","Vorlage löschen"
"Delete User","Benutzer löschen"
"Delete Website","Website löschen"
"Dependencies","Abhängigkeiten"
"Description","Beschreibung"
"Description:","Beschreibung:"
"Design","Gestaltung"
"Design Section","Gestaltungs-Bereich"
"Design change deleted","Gestaltungsänderung gelöscht"
"Design change saved","Gestaltungsänderung gespeichert"
"Developer Section","Entwicklerbereich"
"Direction:","Richtung:"
"Disable","Deaktivieren"
"Disabled","Deaktiviert"
"Discount Amount","Rabattbetrag"
"Display %s first","Zeige die %s ersten"
"Display default currency","Standardwährung anzeigen"
"Distributed under GNU LGPL. See %s for details.","Unter GNU LGPL vertrieben. Siehe %s für Details."
"Do you really want to KILL parallel process and start new indexing process?","Wollen Sie wirklich den laufenden Prozess KILLEN und eine neue Indexierung starten?"
"Done By:","Erstellt von:"
"Done by:","Erstellt von:"
"Download Remote File","Externe Datei laden"
"Download and Install","Laden und Installieren"
"Downloading and installing $pkg, please wait...","Lade und installiere $pkg, bitte warte..."
"Drag to move","Ziehen zum Bewegen"
"Drop-down","Drop-Down"
"Edit","Bearbeiten"
"Edit Email Template","E-Mail-Vorlage bearbeiten"
"Edit Poll","Umfrage bearbeiten"
"Edit Role","Gruppenberechtigung bearbeiten"
"Edit Store View","Shop-Ansicht bearbeiten"
"Edit System Template","Systemvorlage bearbeiten"
"Edit Tag","Schlagwort bearbeiten"
"Edit Template","Vorlage bearbeiten"
"Edit Urlrewrite","URL-Rewrite bearbeiten"
"Edit User","Benutzer bearbeiten"
"Edit User '%s'","Benutzer '%s' bearbeiten"
"Edit Website","Website bearbeiten"
"Email","E-Mail"
"Email Address:","E-Mail-Adresse"
"Email Preview","E-Mail-Vorschau"
"Email address is empty.","Die E-Mail-Adresse ist leer."
"Email to a Friend","E-Mail an einen Freund"
"Email:","E-Mail:"
"Enable","Aktivieren"
"Enabled","Aktiviert"
"Enclose Values In:","Umschliesse Werte mit:"
"Entity Type","Datensatztyp"
"Entity type:","Datensatztyp:"
"Error uploading the file","Fehler beim Hochladen der Datei"
"Error while cleared Image cache. Please try again later","Error while cleared Image cache. Please try again later"
"Error while create backup. Please try again later","Error while create backup. Please try again later"
"Error while deleting this role. Please try again later.","Fehler beim Löschen dieser Gruppenberechtigung. Bitte versuchen Sie es später noch einmal."
"Error while deleting this set.","Fehler beim Löschen dieses Sets."
"Error while finished process. Please refresh cache","Error while finished process. Please refresh cache"
"Error while refreshed Catalog Rewrites. Please try again later","Error while refreshed Catalog Rewrites. Please try again later"
"Error while refreshed Layered Navigation Indices. Please try again later","Error while refreshed Layered Navigation Indices. Please try again later"
"Error while saving account. Please check all required fields","Error while saving account. Please check all required fields"
"Error while saving account. Please try again later","Fehler beim Speichern des Benutzerkontos. Bitte später nochmals versuchen"
"Error while saving this configuration: ","Fehler beim Speichern der Konfiguration:"
"Error while saving this role. Please try again later.","Fehler beim speichern dieser Gruppenberechtigung. Bitte versuchen Sie es später nochmals."
"Error while updating selected review(s). Please try again later.","Fehler beim Aktualisieren der ausgewählten Kundenmeindungen. Bitte versuchen Sie es später nochmals."
"Excl. Tax","exkl. MwSt."
"Exclude","Ausschliessen"
"Exclude (comma separated)","Ausschliessen (durch Komma getrennt)"
"Expiration Date","Gültig bis"
"Expiration Date: %s/%s","Gültig bis: %s/%s"
"Export","Export"
"Export CSV","CSV exportieren"
"Export Filters","Export-Filter"
"Export to:","Export als:"
"Export:","Export:"
"Extension","Erweiterung"
"Extension Name","Erweiterungsname"
"Extensions","Erweiterungen"
"FTP Host[:Port]","FTP-Host[:Port]"
"Failed to add a product to cart by id ""%s""","Fehler beim Produkt nach ID ""%s"" zum Warenkorb hinzufügen"
"Failed to load %1$s.xml or %1$s.ser","Konnte %1$s.xml oder %1$s.ser nicht laden"
"Field","Feld"
"Field Mapping","Feldzuordnung"
"File","Datei"
"File Information","Dateiinformationen"
"File name:","Dateiname:"
"File size should be more than 0 bytes","Datei sollte grösser als 0 Byte sein"
"Final Price","Endpreis"
"Finished items creation.","Artikelerstellung beendet."
"Finished profile execution.","Ausführung des fertigen Profils."
"First Name","Vorname"
"First Name:","Vorname:"
"Firstname","Vorname"
"Fixed","Fest"
"Flat Catalog Category rebuild error","Flat-Katalog-Kategorie-Rebuild-Fehler"
"Flat Catalog Category was rebuilt successfully","Flat-Katalog-Kategorie-Rebuild erfolgreich"
"Flat Catalog Product rebuild error. Please try again later","Flat-Katalog-Produkt-Rebuild-Fehler. Bitte versuchen Sie es später nochmals"
"Flat Catalog Product was rebuilt successfully","Flat-Katalog-Produkt-Rebuild erfolgrich"
"For category","Für Kategorie"
"For latest version visit: %s","Für die neueste Version besuchen Sie: %s"
"For product","Für Produkt"
"Forgot your password?","Kennwort vergessen?"
"Forgot your user name or password?","Haben Sie Ihren Benutzernamen oder Ihr Passwort vergessen?"
"From","Von"
"Gb","GB"
"General Information","Allgemeine Information"
"General Section","Allgemeiner Bereich"
"Get Image Base64","Bild Base64-encodiert abrufen"
"Get help for this page","Hilfe zu dieser Seite"
"Global Attribute","Globales Attribut"
"Global Record Search","Globale Suche"
"Global Search","Globale Suche"
"Go Today","Gehe zu Heute"
"Google Base","Google Base"
"Google Base Items","Google Base Artikel"
"Grand Total","Gesamtsumme"
"Grid (default) / List","Gitter (Standard) / Liste"
"Grid only","Nur Gitter"
"Group:","Gruppe:"
"Guest","Gast"
"HTTP (unsecure)","HTTP (ungesichert)"
"HTTPS (SSL)","HTTPS (SSL)"
"Help Us Keep Magento Healthy - Report All Bugs","Helfen Sie mit, Magento weiter zu bringen - melden Sie uns alle Fehler"
"Home","Startseite"
"ID","ID"
"ID Path","ID Pfad"
"IP Address","IP-Adresse"
"Ignore","Ignoriert"
"Image cache was cleared successfully","Bilder-Cache wurde erfolgreich geläscht"
"Images","Bilder"
"Images (.gif, .jpg, .png)","Bilder (.gif, .jpg, .png)"
"Images Cache","Bilder-Cache"
"Import","Import"
"Import Service","Importdienst"
"Import/Export","Import/Export"
"Import/Export Advanced","Import/Export Advanced"
"Import/Export Profile","Import/Export Profil"
"Imported <strong>%s</strong> records","<strong>%s</strong> Datensätze importiert"
"In","In"
"In Database:","In Datenbank:"
"In File:","In Datei:"
"Inactive","Inaktiv"
"Incl. Tax","Inkl. MwSt."
"Include","Einschliessen"
"Incoming Message","Eingehende Nachricht"
"Individual Item","Einzelne Artikel"
"Install","Installieren"
"Install Package File","Paket installieren"
"Installed As","Installiert unter"
"Installed Extension Info","Informationen über installierte Erweiterung"
"Installed Version","Installierte Version"
"Installing $pkg, please wait...","Installiere $pkg, bitte warten..."
"Installing selected packages, please wait...","Installiere ausgewählte Pakete, bitte warten..."
"Instant Payment Notification (IPN)","Sofortiger Zahlungshinweis (IPN)"
"Interactive","Interaktiv"
"Interface Locale: %s","Lokalisierung der Benutzeroberfläche: %s"
"Invalid Form Key. Please refresh the page.","Ungültiger Formular-Schlüssel. Bitte die Seite aktualisieren."
"Invalid Import Service Specified","Ungültiger Importservice angegeben"
"Invalid POST data (please check post_max_size and upload_max_filesize settings in you php.ini file)","Ungültige POST-Daten (bitte post_max_size und upload_max_filesize Einstellungen in Deiner php.ini Datei überprüfen)"
"Invalid Secret Key. Please refresh the page.","Ungültiger geheimer Schlüssel. Bitte die Seite aktualisieren."
"Invalid URL","Ungültige URL"
"Invalid Username or Password.","Benutzername oder Kennwort ungültig."
"Invalid directory: %s","Ungültiges Verzeichnis: %s"
"Invalid file: %s","Ungültige Datei: %s"
"Invalid input data for %s => %s rate","Ungültige Eingabedaten für %s => %s Rate"
"Invalid input:","Ungültige Eingabe"
"Invalid parrent block for this block","Ungültiger Parent-Block für diesen Block"
"Invalid section value","Ungültiger Abschnittswert"
"Invalid store value","Ungültiger Shop-Wert"
"Invalid website value","Ungültiger Website-Wert"
"Inventory Stock Status","Inventar Lagerstatus"
"Invoice #%s comment added","Kommentar zu Rechnung Nr. %s hinzugefügt"
"Invoice #%s created","Rechnung Nr. %s erstellt"
"Invoice History","Verlauf der Rechnungen"
"Invoice Totals","Rechnungstotal"
"Invoice and shipment was successfully created.","Rechnung und Versand wurden erfolgreich erstellt."
"Invoice cancel error.","Rechnungs-Abbruch-Fehler."
"Invoice capture error","Rechnungs-Erfassungs-Fehler"
"Invoice void error","Rechnungs-Leerungs-Fehler"
"Invoice was successfully canceled.","Rechnungs wurde erfolgreich abgebrochen."
"Invoice was successfully captured","Rechnung wurde erfolgreich erfasst"
"Invoice was successfully created.","Rechnung wurde erfolgreich erstellt"
"Invoice was successfully voided","Rechnung wurde erfolgreich geleert"
"Issue Number","Vorfallnummer"
"Issuer: %s","Herausgeber: %s"
"Items","Artikel"
"Items to merge","Zusammenzufassende Artikel"
"Kb","KB"
"Last 24 hours","Letzte 24 Stunden"
"Last 5 Orders","Letzte 5 Bestellungen"
"Last 5 Search Terms","Letzte 5 Suchbegriffe"
"Last 7 days","Letzte 7 Tage"
"Last Logged In (%s):","Letzter Login (%s):"
"Last Logged In:","Zuletzt eingeloggt:"
"Last Month","Letzter Monat"
"Last Name","Nachname"
"Last Name:","Nachname:"
"Lastname","Nachname"
"Latest Message:","Neueste Nachricht:"
"Layered Navigation Indices","Ebenen-Navigation Indizes"
"Layered Navigation Indices was refreshed successfully","Ebenen-Navigation Indizes wurde erfolgreich aktualisiert"
"Layered Navigation Indices were refreshed successfully","Ebenen-Navigation Indizes wurden erfolgreich aktualisiert"
"Layered Navigation indexing queue cancelled","Indexierungs-Warteschlange für Ebenen-Navigation abgebrochen"
"Layered Navigation indexing queued","Indexierung für Ebenen-Navigation in Warteschlange"
"Layered Navigation process queued to be killed","Ebenen-Navigation Prozess in KILL-Warteschlange"
"Leave empty to use tax identifier","Leer lassen um Steuer-Indetifikatoir anzuwenden"
"Level","Ebene"
"License","Lizenz"
"License URI","Lizenz-URI"
"License:","Lizenz:"
"Lifetime Sales","Gesamteinnahmen"
"Links","Links"
"List (default) / Grid","Liste (Standard) / Gitter"
"List only","Nur Liste"
"Load Template","Vorlage laden"
"Load default template","Standardvorlage laden"
"Load local Package","Lokales Paket laden"
"Loading...","Wird geladen..."
"Local Server","Lokaler Server"
"Local/Remote Server","Lokaler/entfernter Server"
"Locale","Lokalisierung"
"Log Out","Abmelden"
"Log in to Admin Panel","Anmeldung zum Administrationsbereich"
"Log into Magento Admin Page","Anmeldung zum Administrationsbereich"
"Logged in as %s","Angemeldet als: %s"
"Login","Anmelden"
"MAJOR","GROSS"
"MINOR","KLEIN"
"MS Excel XML","Microsoft Excel XML"
"Magento Admin","Magento Administration"
"Magento Commerce - Administrative Panel","Magento Commerce - Administrationsbereich"
"Magento Connect","Magento Connect"
"Magento Connect Manager","Magento Connect Manager"
"Magento Logo","Magento-Logo"
"Magento is a trademark of Irubin Consulting Inc. DBA Varien. Copyright &copy; %s Irubin Consulting Inc.","Magento ist ein eingetragenes Warenzeichen von Irubin Consulting Inc. DBA Varien. Copyright &copy; %s Irubin Consulting Inc."
"Magento ver. %s","Magento Version %s"
"Magento&trade; is a trademark of Irubin Consulting Inc. DBA Varien.<br/>Copyright &copy; %s Irubin Consulting Inc.","Magento&trade; ist ein eingetragenes Warenzeichen von Irubin Consulting Inc. DBA Varien.<br/>Copyright &copy; %s Irubin Consulting Inc."
"Maintainers","Verantwortliche Autoren"
"Manage Currency Rates","Währungskurse verwalten"
"Manage Customers","Kunden verwalten"
"Manage Installed Extensions","Installierte Erweiterungen verwalten"
"Manage Ratings","Bewertungen verwalten"
"Manage Stores","Stores verwalten"
"Manage osCommerce Orders","osCommerce-Bestellungen verwalten"
"Manage osCommerce Profiles","osCommerce-Profile verwalten"
"Mapping Configuration","Mapping-Konfiguration"
"Matched expression","Gleicher Ausdruck"
"Max","Max"
"Maximum","Maximum"
"Mb","MB"
"Media (.avi, .flv, .swf)","Multimedia-Dateien (.avi, .flv, .swf)"
"Merge Now","Jetzt zusammenführen"
"Messages Inbox","Posteingang"
"Min","Min"
"Minimum","Minimum"
"Module version conflict!","Modul-Versionskonflikt!"
"Month","Monat"
"Most Viewed Products","Am häufigsten angesehene Produkte"
"Multiple Select","Multiple Select"
"My Account","Mein Benutzerkonto"
"N/A","K/A"
"NOTICE","NOTIZ"
"Name","Name"
"Name on Card","Name auf der Karte"
"Name on the Card: %s","Name auf der Karte: %s"
"Name:","Name:"
"New Accounts","Neue Kundenkonten"
"New Api Key","Neuer API-Key"
"New Customers","Neukunden"
"New Email Template","Neue E-Mail-Vorlage"
"New Extension","Neue Erweiterung"
"New Item Type","Neuer Artikeltyp"
"New Password","Neues Kennwort"
"New Profile","Neues Profil"
"New Store View","Neue Shop-Ansicht"
"New System Template","Neue Systemvorlage"
"New Tag","Neues Schlagwort"
"New Template","Neue Vorlage"
"New User","Neuer Benutzer"
"New Website","Neue Website"
"New admin password","Neues Administrator-Kennwort"
"Next month (hold for menu)","Nächster Monat (halten für Menü)"
"Next page","Nächste Seite"
"Next year (hold for menu)","Nächstes Jahr (halten für Menü)"
"No","Nein"
"No (price without tax)","Nein (Preis ohne Steuern)"
"No Data Found","Keine Daten gefunden"
"No Extensions Found","Keine Eweiterungen gefunden"
"No Templates Found","Keine Vorlagen gefunden"
"No change","Keine Änderung"
"No profile","Kein Profil"
"No profile loaded...","Kein Profil geladen..."
"No records found for this period.","Keine Einträge für diesen Zeitraum gefunden."
"No records found.","Keine Einträge gefunden."
"No search keywords.","Keine Keywords für die Suche gefunden."
"No search modules registered","Keine Suchmodule registriert"
"None","Nichts"
"Note:","Bemerkung:"
"Notes","Hinweise"
"Notes:","Hinweise:"
"Number of Orders","Anzahl der Bestellungen"
"Number of Use","Anzahl der Verwendungen"
"Number of Uses","Anzahl der Verwendungen"
"Number of records:","Anzahl Einträge:"
"Old rate:","Bisheriger Kurs:"
"One of options row has error","Eine der Optionszeilen beinhaltet Fehler"
"Only attributes with scope ""Global"", input type ""Dropdown"" and Use To Create Configurable Product ""Yes"" are available.","Nur Attribute mit Geltungsbereich ""Global"", vom Eingabetyp ""Dropdown"" und ""Verwendung zum Erstellen von konfigurierbaren Produkten: Ja"" verfügbar."
"Only mapped fields","Nur zugeordnete Felder"
"Optional","optional"
"Options","Optionen"
"Order #%s","Bestell-Nr. %s"
"Order #%s (%s)","Bestell-Nr. %s (%s)"
"Order Totals","Gesamtsumme aller Bestellungen"
"Order confirmation email not sent","Bestellbestätigung per E-Mail nicht versandt"
"Order confirmation email sent","Bestellbestätigung per E-Mail versandt"
"Order not longer exist","Bestellung existiert nicht mehr"
"Order not longer exist.","Bestellung existiert nicht mehr."
"Orders","Bestellungen"
"Original Magento attribute names in first row:","Ursprüngliche Magento-Attributnamen in der ersten Spalte:"
"PEAR Configuration was successfully saved","PEAR-Konfiguration wurde erfolgreich gespeichert"
"PEAR Console","PEAR-Konsole"
"PEAR config","PEAR-Konfiguration"
"PHP Version","PHP-Version"
"Package","Paket"
"Package %s data was successfully loaded","Paket %s Daten wurden erfolgreich geladen"
"Package Extensions","Paket-Erweiterungen"
"Package File Name","Paket-Dateiname"
"Package Info","Paketinfo"
"Package Information","Paketinformationen"
"Packages","Pakete"
"Page","Seite"
"Parent Product Thumbnail","Vorschaubild des übergeordneten Produkts"
"Passive mode","Passiver Modus"
"Password","Kennwort"
"Password Confirmation","Kennwortbestätigung"
"Password:","Kennwort:"
"Path","Pfad"
"Path:","Pfad:"
"PayPal Email","PayPal E-Mail"
"Payment Data Transfer (PDT)","Zahlungsdatenübertragung (PDT)"
"Payment method must be specified","Zahlungsart muss angegeben werden"
"Pending Tags","Ausstehende Schlagworte"
"Pending installation...","Ausstehende Installation"
"Per Item","Pro Artikel"
"Per Order","Pro Bestellung"
"Percent","Prozent"
"Performed At","Ausgeführt am"
"Period","Zeitraum"
"Permanent (301)","Permanent (301)"
"Permissions","Berechtigungen"
"Personal Information","Persönliche Informationen"
"Phone:","Telefon:"
"Please confirm site switching. All data that hasn't been saved will be lost.","Bitte bestätigen Sie den Site-Wechsel. Alle nicht gespeicherten Daten gehen verloren."
"Please enter 6 or more characters.","Bitte geben Sie 6 oder mehr Zeichen ein."
"Please enter a number greater than 0 in this field.","Bitte geben Sie eine Zahl grösser 0 in dieses Feld ein."
"Please enter a valid $ amount. For example $100.00.","Bitte geben Sie eine gültigen Geldbetrag ein. Zum Beispiel CHF 100.00."
"Please enter a valid URL. For example http://www.example.com or www.example.com","Bitte geben Sie eine gültige URL ein. Zum Beispiel http://www.beispiel.ch oder www.beispiel.ch"
"Please enter a valid URL. http:// is required","Bitte geben Sie eine gültige URL ein. http:// wird benötigt"
"Please enter a valid credit card number.","Bitte geben Sie eine gültige Kreditkartennummer ein."
"Please enter a valid date.","Bitte geben Sie ein gültiges Datum ein."
"Please enter a valid email address. For example johndoe@domain.com.","Bitte geben Sie eine gültige E-Mail-Adresse ein. Zum Beispiel h.muster@domain.ch."
"Please enter a valid number in this field.","Bitte geben Sie eine gültige Zahl in dieses Feld ein."
"Please enter a valid phone number. For example (123) 456-7890 or 123-456-7890.","Bitte geben Sie eine gültige Telefonnummer ein. Zum Beispiel (123) 456-7890 oder 123-456-7890."
"Please enter a valid social security number. For example 123-45-6789.","Bitte geben Sie eine gültige AHV-Nummer ein. Zum Beispiel 123.45.678.000."
"Please enter a valid value from list","Bitte gültigen Wert aus der Liste eingeben"
"Please enter a valid value, ex: 10,20,30","Bitte gültigen Wert eingeben, Bsp: 10,20,30"
"Please enter a valid zip code.","Bitte geben Sie eine gültige Postleitzahl ein."
"Please enter a valid zip code. For example 90602 or 90602-1234.","Bitte geben Sie eine gültige Postleitzahl ein. Zum Beispiel 8000."
"Please enter valid password.","Bitte geben Sie ein gültiges Kennwort ein."
"Please fill in 'email' field.","Bitte das Feld 'E-Mail' ausfüllen."
"Please make sure that all global admin search modules are installed and activated.","Bitte sicherstellen, daß alle globalen Amininistrations-Suchmodule installiert und aktiviert sind."
"Please make sure that your changes were saved before running the profile.","Bitte stellen Sie sicher, daß Ihre Änderungen gespeichert wurden bevor Sie das Profil ausführen."
"Please make sure your passwords match.","Bitte stellen Sie sicher, daß Ihre Kennwörter übereinstimmen."
"Please select State/Province.","Bitte Kanton wählen."
"Please select a custmer","Bitte einen Kunden wählen"
"Please select a store","Bitte einen Shop wählen"
"Please select an option.","Bitte eine Option wählen."
"Please select catalog searches","Bitte wählen Sie entsprechende Katalog-Suchanfragen aus"
"Please select customer(s)","Bitte wählen Sie entsprechende Kunden aus"
"Please select one of the above options.","Bitte wählen Sie eine der oberen Optionen."
"Please select one of the options.","Bitte wählen Sie eine der Optionen."
"Please select review(s)","Bitte wählen Sie entsprechende Kundenmeinungen aus"
"Please select tag(s)","Bitte wählen Sie entsprechende Schlagwörter aus"
"Please specify admin custom URL","Bitte die eigene Admin-URL angeben"
"Please specify at least start or end date.","Bitte geben Sie mindestens Start- oder Enddatum an."
"Please use in this field only ""a-z,0-9,_"".","Bitte nur a-z (Kleinbuchstaben), 0-9 (Ziffern) und _ (Unterstrich) in diesem Feld benutzen."
"Please use letters only (a-z) in this field.","Bitte nur Kleinbuchstaben (a-z) in diesem Feld benutzen."
"Please use numbers only in this field. please avoid spaces or other characters such as dots or commas.","Bitte verwenden Sie in diesem Feld nur Zahlen. Vermeiden Sie Leerzeichen oder andere Sonderzeichen wie Kommas etc."
"Please use only letters (a-z) or numbers (0-9) only in this field. No spaces or other characters are allowed.","Bitte nur Buchstaben (a-z) oder Zahlen (0-9) in diesem Feld verwenden. Es sind keine Leerzeichen oder andere Zeichen erlaubt."
"Please use only letters (a-z) or numbers (0-9) or spaces and # only in this field.","Bitte nur Buchstaben (a-z), Zahlen (0-9) oder Leerzeichen und # in diesem Feld verwenden."
"Please use this date format: dd/mm/yyyy. For example 17/03/2006 for the 17th of March, 2006.","Bitte benutzen Sie dieses Datumsformat: tt/mm/jjjj. Zum Beispiel 17/03/2006 für den 17. März 2008."
"Please wait, loading...","Bitte warten, wird geladen..."
"Please wait...","Bitte warten..."
"Please, add a few answers to this poll first","Bitte fügen Sie zuerst ein paar Antworten zu dieser Umfrage hinzu"
"Please, select a store view","Bitte eine Shop-Ansicht auswählen"
"Please, select visible in stores to this poll first","Bitte wählen Sie zuerst 'sichtbar in Shops' für diese Umfrage aus"
"Poll Manager","Umfrageverwaltung"
"Poll was successfully deleted","Umfrage wurde gelöscht"
"Poll was successfully saved","Umfrage wurde gespeichert"
"Position of Watermark for %s","Position des Wasserzeichens für %s"
"Preferred state","Bevorzugter Status"
"Preparing to change $pkg, please wait...","Vorbereitungen zum wechseln von $pkg, bitte warten..."
"Prev. month (hold for menu)","Vorh. Monat (halten für Menü)"
"Prev. year (hold for menu)","Vorh. Jahr (halten für Menü)"
"Preview","Vorschau"
"Preview Template","Vorschau Vorlage"
"Previous page","Vorige Seite"
"Price","Preis"
"Price alert subscription was saved successfully","Preisbenachrichtigung wurde eingerichtet"
"Price:","Preis:"
"Primary Billing Address","Primäre Rechnungsadresse"
"Processed <strong>%s%% %s/%d</strong> items","<strong>%s%% %s/%d</strong> Artikel verarbeitet"
"Processed <strong>%s%% %s/%d</strong> records","<strong>%s%% %s/%d</strong> Datensätze bearbeitet"
"Product","Produkt"
"Product Thumbnail Itself","Produkt-Vorschaubild"
"Product:","Produkt:"
"Products","Produkte"
"Profile Action","Profil-Aktion"
"Profile Actions XML","Profil Aktionen XML"
"Profile Direction","Profil-Richtung"
"Profile History","Profil-Historie"
"Profile Information","Profil-Informationen"
"Profile Name","Profil-Name"
"Profile Wizard","Profil-Assistent"
"Profile was deleted","Profil wurde gelöscht"
"Profile was successfully saved","Profil wurde gespeichert"
"Profiles","Profile"
"Promo","Promo"
"Promotions","Promotionen"
"Provided Files","Unterstützte Dateien"
"Qty","Anzahl"
"Quantity","Anzahl"
"Queue Refresh","Warteschlange aktualisieren"
"Queued... Cancel","In Warteschlange... Abbrechen"
"Radio Buttons","Radio Buttons"
"Rates","Kurse"
"Rating was successfully deleted","Die Bewertung wurde erfolgreich gelöscht"
"Rating was successfully saved","Die Bewertung wurde erfolgreich gespeichert"
"Read details","Details lesen"
"Rebuild","Rebuild"
"Rebuild Flat Catalog Category","Flat-Katalog-Kategorie-Rebuild"
"Rebuild Flat Catalog Product","Flat-Katalog-Produkt-Rebuild"
"Recent Orders","Letzte Bestellungen"
"Recommended","Empfohlen"
"Recursive Dir","Rekursive Verzeichnis"
"Redirect","Umleitung"
"Refresh","Aktualisieren"
"Refresh Now*","Jetzt aktualisieren*"
"Region/State","Region/Staat"
"Release","Version"
"Release Info","Versionsinformationen"
"Release Stability","Stabilität"
"Release Version","Version"
"Remote Extension Info","Informationen über extern verfügbare Erweiterung"
"Remote FTP","Entfernter FTP"
"Remote URL:","Externer URL"
"Remove","Entfernen"
"Reports","Berichte"
"Request Path","Angefragter Pfad"
"Required","Pflichtfeld"
"Reset","Zurücksetzen"
"Reset Filter","Filter zurücksetzen"
"Resize","Grösse anpassen"
"Resource Access","Quellenzugriff"
"Resources","Quelle"
"Results","Ergebnisse"
"Retrieve Password","Kennwort abfragen"
"Return Html Version","Sende HTML-Version zurück"
"Revenue","Erlös"
"Role","Aufgabe"
"Role ID","Gruppenberechtigung ID"
"Role Info","Gruppenberechtigung Info"
"Role Information","Gruppenberechtigung Information"
"Role Name","Gruppenberechtigung Name"
"Role Resources","Gruppenberechtigung Quellen"
"Role Users","Gruppenberechtigung Benutzer"
"Role successfully deleted.","Gruppenberechtigung erfolgreich gelöscht."
"Role successfully saved.","Gruppenberechtigung erfolgreich gespeichert."
"Roles","Gruppenberechtigungen"
"Roles Resources","Gruppenberechtigungen Quellen"
"Rotate CCW","Im Gegenuhrzeigersinn drehen"
"Rotate CW","Im Uhrzeigersinn drehen"
"Run","Run"
"Run Profile","Starte Profil"
"Run Profile In Popup","Starte Profil in Popup"
"Run Profile Inside This Window","Starte Profil in diesem Fenster"
"Run in popup","Starte in Popup"
"Running... Kill","Läuft... Killen"
"Running:","Läuft:"
"SKU","Artikelnummer"
"SKU:","Artikelnummer"
"SSL Error: Invalid or self-signed certificate","SSL-Fehler: Ungültiges oder selbst signiertes Zertifikat"
"Sales Report","Verkaufsbericht"
"Samples","Muster"
"Save","Speichern"
"Save & Generate","Speichern & Generieren"
"Save Account","Benutzerkonto speichern"
"Save And Continue Edit","Speichern und weiter bearbeiten"
"Save As...","Speichern unter..."
"Save Config","Konfiguration speichern"
"Save Currency Rates","Währungskurse speichern"
"Save PEAR Config","PEAR-Konfiguration speichern"
"Save Profile","Profil speichern"
"Save Role","Gruppenberechtigung speichern"
"Save Template","Vorlage speichern"
"Save User","Benutzer seichern"
"Save and Continue Editing","Speichern und weiter bearbeiten"
"Save cache settings","Cache-Einstellungen speichern"
"Save data and Create Package","Daten speichern und Paket erzeugen"
"Save package with custom package file name","Paket unter eigenem Paket-Dateinamen speichern"
"Schedule Merge","Zeitplan für Zusammenführung"
"Search","Suche"
"Search Index","Suchindex"
"Search Index rebuild error. Please try again later","Suchindex Rebuild-Fehler. Bitte später nochmals versuchen"
"Search Index was rebuilt successfully","Suchindex-Rebuild erfolgreich"
"Search Term","Suchbegriff"
"Search Terms","Suchbegriffe"
"Select","Wählen"
"Select All","Alle wählen"
"Select Category","Kategorie wählen"
"Select Date","Datum wählen"
"Select Range","Bereich auswählen"
"Select Visible","Sichtbare wählen"
"Select date","Datum wählen"
"Select website from map","Website aus Zuordnung wählen"
"Select website to map","zuzuordnende Website wählen"
"Selected allow currency ""%s"" is not available in installed currencies","Die gewählte erlaubte Währung ""%s"" ist keine installierte Währungen"
"Selected base currency is not available in installed currencies","Selected base currency is not available in installed currencies"
"Selected default display currency is not available in allowed currencies","Die gewählte Standard-Währung ist nicht den erlaubten Währungen aufgeführt"
"Selected default display currency is not available in installed currencies","Standard-Anzeige-Währung ist keine installierte Währung"
"Sender","Absender"
"Separate email","Separate E-Mail"
"Shipment #%s comment added","Kommentar zu Versand Nr. %s hinzugefügt"
"Shipment #%s created","Versand Nr. %s erstellt"
"Shipment Comments","Versandkommentar"
"Shipment History","Versandprotokoll"
"Shipment was successfully created.","Versand wurde erfolgreich erstellt."
"Shipment was successfully sent.","Versand wurde erfolgreich gesendet."
"Shipping","Versand"
"Shipping Address","Versandadresse"
"Shipping Price","Versandpreis"
"Shipping address","Versandadresse"
"Shipping address selection is not applicable","Auswahl der Versandadresse ist nicht anwendbar"
"Shipping method must be specified","Versandart muss angegeben werden"
"Shipping method selection is not applicable","Auswahl der Versandart ist nicht anwendbar"
"Shipping origin","Versandursprung"
"Shopping Cart from %s","Warenkorb von %s"
"Show Report for","Zeige Bericht für"
"Show by","Zeige nach"
"Show reviews","Reviews zeigen"
"Sitemap Information","Sitemap-Informationen"
"Size for %s","Grösse für %s"
"Skip category selection","Kategorie-Auswahl überspringen"
"Some items in this order have different invoice and shipment types. You can create shipment only after the invoice is created.","Einige Artikel in dieser Bestellung haben verschiedene Rechnungs- und Versandtypen. Sie können den Versand erst erstellen, nachdem die Rechnung erstellt wurde."
"Some of the ordered items don't exist in the catalog anymore and will be removed if you try to edit the order.","Einige bestellte Produkte befinden sich nicht mehr im Katalog und werden entfernt, falls Sie die Bestellung ändern."
"Sorry, this feature is coming soon...","Entschuldigung, diese Funktion folgt bald..."
"Sort Order","Sortierung"
"Specific Countries","Bestimmte Länder"
"Spreadsheet Name:","Arbeitsblatt:"
"Stability","Stabilität"
"Staging Store: ","Staging-Shop: "
"Staging Website: ","Staging-Website: "
"Start Date","Startdatum"
"Starting profile execution, please wait...","Starte Profilausführung, bitte warten..."
"State/Province:","Kanton:"
"Status","Status"
"Status:","Status:"
"Stock Quantity:","Lagermenge:"
"Stock notification was saved successfully","Lagerbenachrichtigung wurde gespeichert"
"Store","Shop"
"Store Email Addresses Section","Bereich Shop-E-Mail-Adressen"
"Store View","Shop-Ansicht"
"Store:","Shop:"
"Store: ","Shop: "
"Subject","Betreff"
"Submit","Abschicken"
"Subpackage","Unterpaket"
"Subpackage can't be conflicting","Unterpaket kann keinen Konflikt verursachen"
"Subpackages","Unterpakete"
"Subtotal","Zwischentotal"
"Subtotal Amount","Zwischentotal"
"Summary","Zusammenfassung"
"Summary:","Zusammenfassung:"
"Switch/Solo Only","Nur Switch/Solo"
"Switch/Solo card issue number: %s","Ausgabenummer Switch/Solo-Karten: %s"
"Switch/Solo card start Date: %s/%s","Startdatum Switch/Solo-Karte: %s/%s"
"Switch/Solo/Maestro(UK Domestic) Only","Nur Switch/Solo/Maestro(UK Domestic)"
"Switch/Solo/Maestro(UK Domestic) card issue number: %s","Switch/Solo/Maestro(UK Domestic)-Karte Ausgabenummer: %s"
"Switch/Solo/Maestro(UK Domestic) card start Date: %s/%s","Switch/Solo/Maestro(UK Domestic)-Karte Startdatum: %s/%s"
"System","System"
"System Section","Bereich System"
"Tag was successfully deleted","Schlagwort wurde gelöscht"
"Tag was successfully saved","Schlagwort wurde gespeichert"
"Tags","Schlagwörter"
"Target Path","Zielpfad"
"Tax","Steuer"
"Tb","TB"
"Template","Vorlage"
"Template Content","Vorlage Inhalt"
"Template Information","Vorlage Information"
"Template Name","Vorlage Name"
"Template Subject","Vorlage Betreff"
"Template Type","Vorlage Typ"
"Temporary (302)","Temporär (302)"
"Text","Text"
"The archive can be uncompressed with <a href=""%s"">%s</a> on Windows systems","Die Archivdatei kann unter Windows mit <a href=""%s"">%s</a> dekomprimiert werden"
"The information in this tab has been changed.","Die Informationen in diesem Tab wurden geändert."
"This account is","Dieses Benutzerkonto ist"
"This account is inactive.","Dieses Konto ist inaktiv."
"This attribute set don't have attributes which we can use for configurable product","Dieses Attributset beinhaltet keine Attribute, die für ein konfigurierbaren Produkt verwendet werden können"
"This attribute shares the same value in all the stores","Dieses Attribut teilt denselben Wert in allen Shops"
"This is a required field.","Dies ist ein Pflichtfeld."
"This product is currently disabled","Dieses Produkt ist zur Zeit inaktiv"
"This section is not allowed.","Dieser Bereich ist nicht erlaubt."
"This tab contains invalid data. Please solve the problem before saving.","Dieser Tab enthält ungültige Daten. Bitte vor dem Speichern korrigieren."
"This user no longer exists","Dieser Benutzer existiert nicht mehr"
"Thumbnail","Vorschaubild"
"Time","Zeit"
"Time selection:","Zeitauswahl:"
"Time:","Zeit:"
"To","Bis"
"Toggle Editor","Editor umschalten"
"Tools","Werkzeuge"
"Top 5 Search Terms","Top 5 Suchbegriffe"
"Total","Gesamtbetrag"
"Total %d records found","Insgesamt %d Einträge gefunden"
"Total Amount","Gesamtbetrag"
"Total Invoiced","Rechnungsgesamtbetrag"
"Total Order Amount","Bestellgesamtbetrag"
"Total Refunded","Gesamterstattung"
"Total of %d record(s) were successfully deleted","Alle %d Aufzeichnung(en) wurden erfolgreich gelöscht"
"Total of %d record(s) were successfully updated","Alle %d Aufzeichnung(en) wurden erfolgreich aktualisiert"
"Track order","Bestellung verfolgen"
"Track this shipment","Sendung verfolgen"
"Tracking number %s for %s assigned","Tracking-Nummer %s an %s zugewiesen"
"Tracking number can not be empty.","Tracking-nummer darf nicht leer sein."
"Transactional Emails","Transaktions-E-Mails"
"Type","Typ"
"Type:","Typ:"
"Unable to find a poll to delete","Ich konnte keine Umfrage zum Löschen finden"
"Unable to find a tag to delete","Es wurde kein Schlagwort zum Löschen gefunden"
"Unable to find a user to delete","Konnte keinen Benutzer zum Löschen finden"
"Unable to initialize import model","Konnte Importmodell nicht initialisieren"
"Unable to save Cron expression","Kann Cron-Ausdruck nicht speichern"
"Uninstall","Deinstallieren"
"Uninstalling $pkg, please wait...","Deinstallation von $pkg, bitte warten..."
"Uninstalling selected packages, please wait...","Deinstallation der gewählten Pakete, bitte warten..."
"Unknown","Unbekannt"
"Unknown error","Unbekannter Fehler"
"Unselect All","Alle abwählen"
"Unselect Visible","Sichtbare abwählen"
"Update","Update"
"Updated At","Aktualisiert um"
"Upgrade","Akualisierung"
"Upgrade All Available Packages","Alle verfügbaren Pakete aktualisieren"
"Upgrade all available packages","Alle verfügbaren Erweiterungen aktualisieren"
"Upgrade all packages","Alle Pakete aktualisieren"
"Upgrading $pkg, please wait...","Aktualisierung von $pkg, bitte warten..."
"Upgrading all available packages, please wait...","Aktualisierung aller verfügbaren Pakete, bitte warten..."
"Upgrading all packages, please wait...","Aktualisierung aller Pakete, bitte warten..."
"Upgrading selected packages, please wait...","Aktualisierung der gewählten Pakete, bitte warten..."
"Upload File","Datei hochladen"
"Upload Files","Dateien hochladen"
"Upload HTTP Error","HTTP-Fehler beim Hochladen"
"Upload I/O Error","I/O-Fehler beim Hochladen"
"Upload Local File","Lokale Datei hochladen"
"Upload Security Error","Sicherheitsverletzung beim Hochladen"
"Upload and Install","Hochladen und installieren"
"Upload import file","Importdatei hochladen"
"Upload local file:","Lokale Datei hochladen:"
"Url Rewrite Management","URL-Rewrite-Verwaltung"
"Urlrewrite Information","URL-Rewrite-Information"
"Use Config Settings","Konfigurationseinstellungen benutzen"
"Use Default Value","Verwende Standardwert"
"Use default","Standard verwenden"
"Use website","Website verwenden"
"User","Benutzer"
"User Email","Benutzer E-Mail"
"User ID","Benutzer ID"
"User Info","Benutzer Info"
"User Information","Benutzerinformationen"
"User Name","Benutzer Name"
"User Name:","Benutzer Name:"
"User Role","Benutzer Gruppenberechtigung"
"User Roles","Benutzer Gruppenberechtigungen"
"User Roles Information","Benutzer Gruppenberechtigungen Information"
"User name","Benutzer Name"
"User was successfully deleted","Benutzer wurde gelöscht"
"User was successfully saved","Benutzer wurde gespeichert"
"User with the same User Name or Email aleady exists","Benutzer mit identischem Benutzernamen oder E-Mail existiert bereits"
"Users","Benutzer"
"Value","Wert"
"Value Delimiter:","Wert-Trenner:"
"Version","Version"
"Version:","Version:"
"View","Zeige"
"View Actions XML","Zeige XML der Aktion"
"View Statistics for","Zeige Statistiken für"
"Visibility:","Sichtbarkeit:"
"Warning! Empty value can cause problems with CSV format.","Warnung! Leerer Wert kann Probleme mit dem CSV-Format hervorrufen."
"Warning!rnThis action will remove this user from already assigned rolernAre you sure?","Warning!rnThis action will remove this user from already assigned rolernAre you sure?"
"Warning!rnThis action will remove those users from already assigned rolesrnAre you sure?","Warning!rnThis action will remove those users from already assigned rolesrnAre you sure?"
"Warning: Please don't close window during importing/exporting data","Warnung: Bitte schliessen Sie das Fenster nicht während des Import/Export-Vorgangs"
"Watermark File for %s","Wasserzeichen-Datei für %s"
"We're in our typing table, coding away more features for Magento. Thank you for your patience.","Wir arbeiten wie die Wilden an unseren Programmierstationen an neuen Features für Magento. Danke für Deine Geduld."
"Web Section","Bereich Web"
"Web Services","Webdienste"
"Web services","Webdienste"
"Website","Website"
"Website: ","Website: "
"Websites","Websites"
"Websites / Stores","Websites / Shops"
"What is this?","Was ist das?"
"Wishlist Report","Wunschzettel-Bericht"
"Wrong column format","Falsches Spaltenformat"
"Wrong tab configuration","Falsche Tab-Konfiguration"
"XML","XML"
"YTD","seit Jahresbeginn"
"Year","Jahr"
"Yes","Ja"
"Yes (only price with tax)","Ja (nur Preis mit Steuer)"
"You can not delete self assigned roles.","Sie können keine selbst zugeteilten Rollen löschen."
"You cannot delete account of yourself","Löschen des eigenen Benutzerkontos ist nicht möglich"
"You have","Sie haben"
"You have not enought permissions to login.","Sie besitzen keine ausreichenden Rechte für eine Anmeldung."
"You have not enought permissions to use this functionality.","Sie besitzen keine ausreichenden Rechte um diese Funktion zu benutzen."
"You need specify carrier.","Bote muss angegeben werden."
"You need to specify order items","Bestellungsartikel müssen angegeben werden"
"You successfully logged out.","Ihre Abmeldung war erfolgreich."
"Your answers contain duplicates.","Ihre Antworten enthalten Duplikate."
"Your server PHP settings allow you to upload files not more than %s at a time. Please modify post_max_size (currently is %s) and upload_max_filesize (currently is %s) values in php.ini if you want to upload larger files.","Ihre PHP-Servereinstellungen erlauben das hochladen von gleichzeitig maximal %s Dateien. Bitte passen Sie die Werte für post_max_size (aktuell %s) und upload_max_filesize (aktuell %s) im php.ini an, wenn Sie grössere Dateien hochladen wollen."
"Zip/Postal Code","PLZ"
"Zip/Postal Code:","PLZ:"
"[ deleted ]","[ gelöscht ]"
"[deleted]","[gelöscht]"
"b","B"
"close","close"
"critical","kritisch"
"example: ""sitemap/"" or ""/"" for base path (path must be writeable)","example: ""sitemap/"" or ""/"" for base path (path must be writeable)"
"example: sitemap.xml","example: sitemap.xml"
"from","von"
"images/logo.gif","images/logo.gif"
"items selected","Artikel ausgewählt"
"major","gross"
"md5sum","Prüfsumme (MD5)"
"minor","klein"
"notice","Bemerkung"
"of %s pages","von %s Seiten"
"or","oder"
"per page","pro Seite"
"store(%s) scope","Geltungsbereich Shop (%s) "
"to","bis"
"website(%s) scope","Website (%s) Geltungsbereich"
"{{base_url}} is not recommended to use in a production environment to declare the Base Unsecure Url / Base Secure Url. It is highly recommended to change this value in your Magento <a href=""%s"">configuration</a>.","{{base_url}} wird zur Nutzung als Angabe der Base Unsecure Url / Base Secure Url in der produktiven Umgebung nicht empfohlen. Es wird dringend geraten diesen Wert in Ihrer Magento <a href=""%s"">Konfiguration</a> anzupassen."
